{
    "006724-006725": [0.00783085, 0.00595948, 0.00697837, 0.00645995, 0.00729927, 0.0178],
    "006729-006772": [0.00793651, 0.0059952, 0.00702741, 0.00651466, 0.00738007, 0.0178],
    "006775-006778": [0.00797448, 0.00599161, 0.00706714, 0.0064433, 0.00703235, 0.0178],
    "006781-006795": [0.00778816, 0.00592417, 0.00691563, 0.00642261, 0.00655738, 0.0178],
    "006797-006805": [0.00773395, 0.00601685, 0.00698324, 0.00651466, 0.00635728, 0.0178],
    "006807-006816": [0.00762777, 0.0059312, 0.00682594, 0.00643915, 0.00617665, 0.0178],
    "006819-006874": [0.00749064, 0.0059453, 0.00685871, 0.00643915, 0.00620347, 0.0178],
    "006875-006877": [0.01412, 0.01292, 0.01508, 0.01304, 0.15410, 0.0178],
    "007111-007129": [0.01534, 0.01323, 0.02849, 0.01364, 0.01499, 0.03318, 0.00063],
    "007130-007152": [0.01456, 0.01335, 0.01504, 0.01332, 0.01580, 0.03318, 0.00057],
    "007153-007159": [0.01460, 0.01377, 0.01626, 0.01309, 0.01650, 0.03318, 0.00058],
    "007163-007195": [0.01414, 0.01229, 0.01484, 0.01333, 0.01692, 0.03318, 0.00054],
    "007196-007227": [0.01502, 0.01285, 0.01527, 0.01339, 0.01592, 0.03318, 0.00059],
    "007231-007244": [0.01538, 0.01290, 0.01527, 0.01350, 0.01550, 0.03318, 0.00056],
    "007245-007255": [0.01504, 0.01323, 0.01437, 0.01376, 0.01464, 0.03318, 0.00051],
    "007256-007262": [0.01456, 0.01335, 0.01504, 0.01332, 0.01580, 0.03318, 0.00051],
    "007399-007401" = [0.01861, 0.01269, 0.01302, 0.0132, 0.01501, 0.0178]
    "007424-007430" = [0.01756, 0.01278, 0.01442, 0.01354, 0.01523, 0.0178, 0.00079738, 0.00073078]
    "007439-007440" = [0.02263, 0.01265, 0.01424, 0.01332, 0.01518, 0.0178, 0.00085496, 0.00077881]
    "007458-007467" = [0.01983, 0.01281, 0.01427, 0.01315, 0.01523, 0.0178, 0.00086337, 0.00078702]
}
